k,n,message_count,success_rate,decode_time,msg_complexity,overhead
11272,58.2,0.03,4482.89,95,645,0.005163236337828247
17096,77.8,0.06,7163.06,330,2937,0.0045507721104351894
23003,100.0,0.06,9965.78,1000,6925,0.004347259053166979
23122,60.3,0.09,9965.78,233,2013,0.002607905890493902
27728,70.8,0.16,12274.58,430,4067,0.0025533756491633005
34748,100.0,0.24,15826.12,1500,11831,0.002877863474156786
58644,100.0,0.32,28219.28,2500,20617,0.0017052042834731602
